scene,start,end,comment
1,-,-,
2,-,-,
4,-,30,
5,-,10,
5,15,25,
6,-,21,
6,29,-,
10,13,-,
11,-,-,
21,-,-,
22,-,21,
27,5,29,
29,1,-,
30,2,4,
30,6,18,
30,22,28,
30,35,36,
31,-,23,
41,15,36,
43,2,-,
45,-,-,
46,-,-,
47,-,1,
47,3,-,
48,-,5,
48,9,12,
48,25,-,
49,-,-,
53,-,-,
54,-,-,
56,9,27,
56,29,37,
57,-,1,
57,5,-,
58,-,-,
61,-,-,
62,-,28,
62,32,35,
63,7,-,
64,-,-,
65,-,-,
66,-,-,
67,-,-,
68,-,-,
69,-,-,
70,-,-,
71,-,-,
72,-,-,
73,-,-,
74,-,-,
75,-,-,
76,-,-,
120,-,-,
124,6,6,
124,12,-,
125,-,-,
126,-,-,
127,-,-,
128,-,-,
129,-,-,
130,-,-,
131,-,-,
132,-,-,
133,-,-,
134,-,-,
135,-,24,
135,29,-,
149,-,-,
150,-,-,
151,-,30,
152,-,-,
154,12,-,
158,-,-,
159,-,-,
160,5,18,
160,21,27,
160,29,-,
161,-,-,
162,-,-,
163,-,-,
164,-,-,
165,-,-,
166,-,-,
167,-,-,
168,-,-,
170,-,-,
171,-,-,
172,-,-,
173,-,-,
174,-,-,
175,-,-,
176,-,-,
178,1,-,
179,-,-,
180,-,-,
182,-,25,
182,31,36,
182,38,-,
183,-,18,
183,26,28,
188,-,22,
190,2,-,
191,5,5,
191,7,14,
191,16,17,
191,22,-,
192,-,-,
193,-,-,
194,-,-,
195,-,32,
199,-,-,
200,-,-,
202,-,-,
203,-,-,
204,-,-,
206,-,-,
207,-,-,
208,-,-,
209,-,-,
210,-,-,
211,-,-,
212,-,-,
213,-,-,
214,-,-,
218,-,-,
219,-,-,
220,-,-,
222,-,-,
224,-,-,
225,-,-,
226,-,-,
227,-,-,
228,-,-,
229,-,-,
230,-,-,
231,-,-,
232,-,-,
233,-,-,
234,-,-,
235,-,-,
236,10,-,
237,-,-,
238,-,-,
239,-,-,
240,-,-,
241,-,-,
242,-,-,
243,-,-,
244,-,-,
245,-,-,
246,-,-,
247,-,33,
248,-,-,
249,-,-,
250,-,30,
251,-,-,
252,-,-,
253,-,-,
254,2,4,
254,10,-,
255,-,-,
256,-,-,
257,-,-,
258,-,-,
259,-,-,
260,-,-,
261,-,-,
262,-,-,
263,-,-,
264,-,-,
283,-,-,
284,-,-,
285,-,38,
286,-,-,
287,-,-,
288,-,-,
289,-,-,
290,-,-,
291,-,-,
292,-,-,
293,-,38,
294,3,9,
294,11,-,
295,-,-,
296,-,-,
297,-,-,
298,-,-,
299,19,-,
300,-,-,
301,-,-,
302,-,-,
303,-,-,
304,-,-,
305,-,-,
306,-,-,
315,-,-,
321,1,-,
323,-,-,
324,-,-,
328,-,-,
348,-,-,
351,15,-,
352,-,11,
352,13,24,
352,26,27,
353,-,-,
354,1,-,
355,-,-,
356,-,-,
357,-,-,
358,-,-,
359,5,-,
360,-,-,
361,-,33,
361,35,36,
361,39,-,
362,3,-,
363,3,22,
363,37,-,
364,4,-,
365,-,25,
366,10,35,
368,-,-,
369,-,-,
370,-,-,
371,16,-,
372,-,-,
373,-,-,
374,-,-,
375,2,-,
376,-,-,
377,2,2,
377,17,26,
377,30,-,
380,-,0,
380,16,16,
380,19,29,
380,31,-,
381,-,15,
381,30,-,
382,-,-,
385,-,23,
388,-,-,
389,-,-,
390,-,-,
391,-,-,
392,-,-,
393,-,15,
393,17,-,
394,-,-,
395,-,-,
396,-,-,
397,-,-,
398,-,-,
399,-,-,
400,-,-,
401,-,37,
402,-,6,
402,12,37,
405,-,1,
405,3,3,
405,5,28,
407,-,2,
407,12,14,
407,25,-,
408,-,-,
420,-,-,
423,-,-,
424,-,-,
425,1,13,
425,15,17,
425,19,28,
426,10,-,
427,-,-,
428,-,-,
429,1,38,
432,8,29,
435,6,-,
436,-,-,
439,6,37,
440,-,-,
441,-,-,
442,-,-,
443,-,-,
444,-,-,
445,-,-,
446,-,-,
447,-,-,
448,-,-,
449,-,-,
450,-,-,
451,-,-,
452,-,-,
453,-,-,
454,-,-,
455,-,-,
456,-,-,
457,-,-,
458,-,-,
459,-,-,
461,-,-,
462,-,-,
463,-,-,
464,-,-,
465,-,29,
465,32,32,
465,35,35,
467,-,-,
468,-,-,
469,-,-,
471,-,-,
472,-,-,
474,-,38,
475,-,-,
476,-,-,
478,17,-,
479,-,-,
480,-,-,
499,-,-,
500,-,-,
501,-,-,
502,-,-,
504,-,-,
505,-,-,
506,-,-,
507,-,-,
508,-,-,
509,-,-,
510,-,-,
511,-,-,
512,-,-,
513,-,-,
514,-,-,
515,-,-,
517,-,-,
518,-,-,
525,-,-,
526,-,-,
527,-,-,
528,-,-,
529,-,-,
530,-,-,
531,-,-,
532,-,-,
533,-,-,
534,-,-,
535,2,-,
536,-,-,
537,-,-,
538,-,-,
539,-,-,
541,-,-,
542,-,-,
543,-,-,
544,-,-,
545,-,-,
546,-,-,
566,-,-,
568,-,-,
570,-,-,
571,-,-,
572,-,-,
573,-,-,
574,-,-,
575,-,-,
576,-,-,
577,3,-,
578,-,39,
580,-,-,
582,-,25,
582,28,-,
583,-,-,
584,-,-,
585,-,-,
586,-,-,
587,-,-,
588,-,-,
589,-,-,
590,-,-,
591,-,-,
592,-,-,
593,-,-,
594,-,-,
595,-,-,
596,-,-,
597,-,-,
598,-,-,
599,-,15,
599,29,30,
599,36,-,
600,-,-,
639,-,-,
640,-,-,
641,-,-,
642,-,-,
643,-,-,
644,-,-,
645,-,-,
646,-,-,
647,-,-,
648,-,-,
650,-,-,
651,-,-,
652,-,-,
653,-,-,
654,-,-,
655,-,-,
656,-,-,
657,-,-,
658,-,-,
659,-,-,
660,-,-,
661,-,-,
662,-,-,
663,-,-,
664,-,-,
665,-,-,
666,-,-,
667,-,-,
668,-,-,
669,-,-,
670,-,-,
671,-,-,
672,-,-,
673,-,-,
674,-,-,
675,-,-,
676,-,-,
677,-,-,
678,-,-,
679,-,-,
681,-,-,
683,-,-,
684,-,-,
685,-,-,
686,-,-,
687,-,33,
688,-,-,
689,-,-,
695,-,-,
696,-,-,
697,-,-,
698,-,-,
700,-,-,
701,-,-,
703,-,-,
704,-,-,
705,-,-,
706,-,-,
707,-,-,
708,-,-,
709,-,-,
710,-,-,
711,-,-,
712,-,-,
713,-,-,
714,-,-,
715,-,-,
716,-,-,
717,-,-,
718,-,-,
719,-,-,
726,-,-,
727,-,-,
728,-,-,
730,-,-,
731,-,-,
733,-,-,
734,-,-,
735,-,-,
736,-,-,
737,-,-,
738,-,-,
739,-,-,
740,-,-,
741,-,-,
744,-,-,
746,-,-,
747,-,-,
749,-,-,
750,-,-,
751,-,-,
752,-,-,
757,-,-,
758,-,-,
759,-,-,
760,-,-,
761,-,-,
762,-,-,
763,3,-,
764,-,-,
765,-,-,
767,-,-,
768,-,-,
769,-,30,
769,37,-,
787,-,4,
787,7,8,
787,18,19,
787,25,-,
789,-,-,
790,-,-,
791,-,5,
791,10,22,
791,32,-,
792,-,-,
803,-,-,
804,-,-,
805,-,-,
806,-,-,
808,-,-,
809,-,-,
810,-,-,
811,-,-,
812,-,-,
813,-,-,
815,-,-,
816,-,-,
817,-,-,
819,-,-,
820,-,-,
821,-,-,
822,-,-,
849,-,23,
851,-,38,
852,2,12,
852,18,-,
853,-,-,
854,-,-,
855,-,-,
858,-,-,
860,-,-,
861,-,-,
864,-,-,
865,-,39,
866,-,-,
868,-,18,
868,24,-,
869,-,-,
870,-,-,
871,-,-,
872,-,-,
873,-,-,
875,-,-,
876,-,-,
877,-,-,
878,-,-,
880,-,-,
882,-,-,
883,-,-,
884,-,-,
885,-,-,
886,-,-,
887,-,-,
888,-,-,
889,-,-,
890,-,-,
891,-,-,
892,-,-,
893,-,-,
894,-,-,
895,-,-,
896,-,-,
897,-,-,
898,-,-,
899,-,-,
900,-,-,
901,-,-,
902,-,-,
903,-,-,
945,-,39,
947,5,26,
949,-,-,
952,-,-,
955,5,5,
955,10,-,
956,-,-,
957,-,-,
958,-,-,
959,-,-,
961,-,-,
975,3,11,
975,23,-,
976,-,-,
977,-,-,
978,-,-,
979,-,-,
980,1,2,
980,4,-,
981,-,-,
982,-,-,
983,-,32,
984,2,7,
984,11,-,
988,-,-,
989,-,-,
990,-,-,
991,-,-,
998,-,-,
999,1,-,
1000,-,24,
1002,13,-,
1003,-,26,
1004,-,-,
1005,-,6,
1005,27,-,
1006,-,-,
1007,-,23,
1007,33,33,
1007,36,36,
1008,-,7,
1008,10,-,
1009,-,20,
1014,6,-,
1016,1,-,
1017,-,-,
1018,-,31,
1018,37,-,
1019,-,37,
1023,-,-,
1024,-,-,
1025,-,-,
1044,-,-,
1045,-,-,
1046,-,-,
1047,-,-,
1048,-,-,
1050,-,35,
1051,1,29,
1051,34,38,
1052,-,36,
1053,1,-,
1056,-,36,
1076,-,1,
1076,17,-,
1077,-,-,
1078,-,26,
1079,11,-,
1080,-,-,
1081,-,-,
1082,-,-,
1083,-,-,
1084,-,-,
1085,-,-,
1092,12,-,
1093,-,-,
1094,-,-,
1095,18,18,
1095,20,-,
1096,-,-,
1097,-,-,
1098,-,-,
1099,-,-,
1100,-,-,
1101,-,36,
1102,-,17,
1102,22,-,
1104,-,-,
1107,9,36,
1107,40,-,
1108,4,-,
1109,-,-,
1110,-,-,
